DATE,SERIES,OPEN,HIGH,LOW,PREV. CLOSE,LTP,CLOSE,VWAP,52W H,52W L,VOLUME,VALUE,NO. OF  TRADES
01-Mar-2024,EQ,"2,927.00","3,000.00","2,925.00","2,921.60","2,977.00","2,984.25","2,966.96","3,000.00","2,220.30",6066463,"17,99,89,57,520.55",272154
29-Feb-2024,EQ,"2,930.00","2,957.95","2,909.05","2,911.25","2,930.75","2,921.60","2,927.13","2,999.90","2,220.30",11814488,"34,58,24,93,286.65",298691
28-Feb-2024,EQ,"2,966.00","2,982.55","2,900.35","2,971.30","2,915.00","2,911.25","2,931.01","2,999.90","2,220.30",4323975,"12,67,36,07,274.50",216192
27-Feb-2024,EQ,"2,966.05","2,999.90","2,956.10","2,974.65","2,971.00","2,971.30","2,974.38","2,999.90","2,220.30",5413022,"16,10,04,08,443.55",197414
26-Feb-2024,EQ,"2,987.10","2,989.05","2,965.00","2,987.25","2,975.10","2,974.65","2,974.31","2,995.10","2,220.30",3756553,"11,17,31,63,735.60",141799
23-Feb-2024,EQ,"2,979.00","2,995.10","2,966.70","2,963.50","2,986.55","2,987.25","2,982.96","2,995.10","2,220.30",7219292,"21,53,48,40,027.25",255210
22-Feb-2024,EQ,"2,936.30","2,969.90","2,916.00","2,935.40","2,962.20","2,963.50","2,944.65","2,977.05","2,220.30",9246864,"27,22,87,62,576.20",273105
21-Feb-2024,EQ,"2,948.00","2,977.05","2,915.10","2,942.05","2,932.05","2,935.40","2,949.30","2,977.05","2,220.30",6360146,"18,75,79,66,311.65",289896
20-Feb-2024,EQ,"2,950.05","2,951.00","2,923.60","2,948.00","2,941.45","2,942.05","2,937.06","2,969.45","2,220.30",3558748,"10,45,22,64,180.75",172812
19-Feb-2024,EQ,"2,924.10","2,959.00","2,907.05","2,921.15","2,940.00","2,948.00","2,934.52","2,969.45","2,220.30",3364914,"9,87,43,95,305.15",143935
16-Feb-2024,EQ,"2,952.95","2,954.00","2,917.10","2,941.20","2,925.00","2,921.15","2,932.13","2,969.45","2,220.30",4883749,"14,31,97,75,078.35",170212
15-Feb-2024,EQ,"2,966.70","2,969.45","2,933.05","2,962.75","2,944.50","2,941.20","2,946.03","2,969.45","2,220.30",5003391,"14,74,01,28,065.85",236768
14-Feb-2024,EQ,"2,915.00","2,967.30","2,915.00","2,930.20","2,963.60","2,962.75","2,943.59","2,967.30","2,220.30",3558944,"10,47,60,84,977.75",200869
13-Feb-2024,EQ,"2,911.00","2,958.00","2,908.00","2,904.70","2,926.20","2,930.20","2,934.72","2,958.00","2,220.30",3857797,"11,32,15,54,002.65",178755
12-Feb-2024,EQ,"2,921.50","2,922.00","2,884.70","2,921.50","2,904.00","2,904.70","2,900.64","2,949.80","2,220.30",3337215,"9,68,00,50,427.50",170350
09-Feb-2024,EQ,"2,908.00","2,943.95","2,901.90","2,900.25","2,917.30","2,921.50","2,924.38","2,949.80","2,220.30",6278399,"18,36,04,29,342.90",248252
08-Feb-2024,EQ,"2,900.00","2,918.95","2,855.05","2,884.30","2,916.00","2,900.25","2,882.90","2,949.80","2,220.30",7347317,"21,18,16,03,384.90",320055
07-Feb-2024,EQ,"2,871.85","2,899.00","2,858.50","2,855.60","2,885.00","2,884.30","2,876.04","2,949.80","2,220.30",4648284,"13,36,86,50,630.75",228951
06-Feb-2024,EQ,"2,883.70","2,883.70","2,839.65","2,878.05","2,854.75","2,855.60","2,859.49","2,949.80","2,220.30",4523992,"12,93,63,28,247.70",240512
05-Feb-2024,EQ,"2,921.50","2,941.00","2,863.05","2,915.40","2,879.45","2,878.05","2,907.30","2,949.80","2,220.30",4407216,"12,81,31,04,310.25",197343
02-Feb-2024,EQ,"2,866.35","2,949.80","2,866.35","2,853.30","2,913.00","2,915.40","2,913.44","2,949.80","2,220.30",9826294,"28,62,83,19,858.85",420949
01-Feb-2024,EQ,"2,870.00","2,886.70","2,836.10","2,853.25","2,851.50","2,853.30","2,857.88","2,919.95","2,220.30",6674681,"19,07,54,09,129.85",259110
31-Jan-2024,EQ,"2,808.00","2,868.50","2,805.00","2,815.25","2,850.00","2,853.25","2,847.99","2,919.95","2,220.30",7565113,"21,54,54,02,809.00",343623
30-Jan-2024,EQ,"2,919.90","2,919.95","2,808.85","2,896.10","2,818.25","2,815.25","2,854.34","2,919.95","2,220.30",7046989,"20,11,45,36,190.80",314728
29-Jan-2024,EQ,"2,729.00","2,905.00","2,720.35","2,706.15","2,890.10","2,896.10","2,842.26","2,905.00","2,220.30",11946719,"33,95,56,52,629.40",464414
25-Jan-2024,EQ,"2,685.90","2,728.30","2,670.40","2,687.75","2,711.00","2,706.15","2,697.07","2,792.90","2,220.30",5904436,"15,92,46,81,035.80",199408
24-Jan-2024,EQ,"2,670.45","2,699.00","2,647.85","2,657.15","2,694.90","2,687.75","2,664.32","2,792.90","2,220.30",10959564,"29,19,98,12,068.10",253093
23-Jan-2024,EQ,"2,743.50","2,743.50","2,645.10","2,713.30","2,656.75","2,657.15","2,674.90","2,792.90","2,220.30",10027710,"26,82,30,81,585.30",337484
20-Jan-2024,EQ,"2,730.00","2,766.95","2,700.00","2,734.90","2,716.00","2,713.30","2,734.20","2,792.90","2,220.30",3641697,"9,95,71,10,928.55",128579
19-Jan-2024,EQ,"2,752.00","2,752.00","2,718.00","2,735.90","2,736.45","2,734.90","2,732.29","2,792.90","2,220.30",5211352,"14,23,89,41,782.60",275902
18-Jan-2024,EQ,"2,702.80","2,742.00","2,702.50","2,723.15","2,734.75","2,735.90","2,724.93","2,792.90","2,220.30",5139719,"14,00,53,71,079.55",253448
17-Jan-2024,EQ,"2,719.00","2,772.55","2,710.05","2,749.25","2,723.50","2,723.15","2,738.75","2,792.90","2,220.30",6098691,"16,70,27,84,157.50",312203
16-Jan-2024,EQ,"2,779.95","2,792.60","2,741.00","2,788.25","2,746.80","2,749.25","2,770.68","2,792.90","2,220.30",4534512,"12,56,36,73,259.40",235619
15-Jan-2024,EQ,"2,750.00","2,792.90","2,732.00","2,741.45","2,786.00","2,788.25","2,768.73","2,792.90","2,220.30",4305297,"11,92,02,19,926.15",237252
12-Jan-2024,EQ,"2,719.80","2,746.65","2,691.50","2,719.80","2,740.50","2,741.45","2,729.49","2,746.65","2,220.30",7506082,"20,48,77,45,085.40",434055
11-Jan-2024,EQ,"2,659.00","2,725.00","2,657.00","2,650.10","2,716.00","2,719.80","2,695.73","2,725.00","2,220.30",11862926,"31,97,92,89,599.90",581952
10-Jan-2024,EQ,"2,577.00","2,659.00","2,575.05","2,580.50","2,655.00","2,650.10","2,616.79","2,659.00","2,220.30",5551370,"14,52,67,42,701.55",179441
09-Jan-2024,EQ,"2,600.00","2,606.80","2,577.20","2,587.35","2,580.50","2,580.50","2,592.44","2,634.00","2,220.30",2701537,"7,00,35,71,441.95",130706
08-Jan-2024,EQ,"2,610.00","2,631.95","2,568.95","2,607.70","2,586.00","2,587.35","2,600.55","2,634.00","2,220.30",3867326,"10,05,71,68,474.15",171169
05-Jan-2024,EQ,"2,602.90","2,619.85","2,598.00","2,596.65","2,609.00","2,607.70","2,606.82","2,634.00","2,220.30",4043203,"10,53,98,86,698.05",211413
04-Jan-2024,EQ,"2,588.00","2,609.85","2,579.10","2,583.30","2,600.00","2,596.65","2,597.37","2,634.00","2,220.30",4806389,"12,48,39,71,502.55",267185
03-Jan-2024,EQ,"2,610.00","2,634.00","2,577.20","2,611.70","2,580.75","2,583.30","2,606.46","2,634.00","2,220.30",4518768,"11,77,80,06,447.25",198303
02-Jan-2024,EQ,"2,585.00","2,615.00","2,573.00","2,590.25","2,609.00","2,611.70","2,596.75","2,630.95","2,220.30",3724400,"9,67,13,31,567.50",175872
01-Jan-2024,EQ,"2,580.55","2,606.85","2,573.15","2,584.95","2,588.45","2,590.25","2,588.14","2,630.95","2,220.30",2015270,"5,21,58,08,110.05",115559
29-Dec-2023,EQ,"2,611.10","2,614.00","2,579.30","2,605.55","2,587.00","2,584.95","2,589.61","2,630.95","2,220.30",5432292,"14,06,74,90,670.90",248419
28-Dec-2023,EQ,"2,589.80","2,612.00","2,586.85","2,586.85","2,605.00","2,605.55","2,602.58","2,630.95","2,220.30",6151318,"16,00,92,95,262.65",228625
27-Dec-2023,EQ,"2,582.00","2,599.90","2,573.10","2,578.05","2,583.35","2,586.85","2,586.56","2,630.95","2,220.30",4602078,"11,90,35,47,787.85",191497
26-Dec-2023,EQ,"2,568.00","2,591.95","2,562.70","2,565.05","2,579.00","2,578.05","2,579.88","2,630.95","2,220.30",3732832,"9,63,02,62,624.25",188513
22-Dec-2023,EQ,"2,559.60","2,580.90","2,547.65","2,562.55","2,561.00","2,565.05","2,559.79","2,630.95","2,220.30",8270892,"21,17,17,13,990.35",274088
21-Dec-2023,EQ,"2,527.00","2,573.50","2,518.25","2,527.15","2,561.00","2,562.55","2,551.74","2,630.95","2,220.30",6882727,"17,56,29,46,483.40",235158
20-Dec-2023,EQ,"2,571.05","2,598.85","2,520.00","2,558.10","2,529.40","2,527.15","2,563.63","2,630.95","2,220.30",8868361,"22,73,51,94,766.35",372595
19-Dec-2023,EQ,"2,555.00","2,573.90","2,525.20","2,521.00","2,556.50","2,558.10","2,553.63","2,630.95","2,220.30",8410302,"21,47,67,99,671.65",331728
18-Dec-2023,EQ,"2,495.60","2,534.90","2,490.95","2,495.60","2,520.00","2,521.00","2,521.89","2,630.95","2,220.30",7082594,"17,86,15,36,572.75",253336
15-Dec-2023,EQ,"2,478.00","2,500.00","2,470.05","2,464.15","2,492.00","2,495.60","2,487.92","2,630.95","2,220.30",7966076,"19,81,89,94,725.95",219982
14-Dec-2023,EQ,"2,454.00","2,474.95","2,442.65","2,433.95","2,463.55","2,464.15","2,464.76","2,630.95","2,220.30",8486177,"20,91,64,13,095.30",308013
13-Dec-2023,EQ,"2,422.00","2,438.35","2,406.30","2,424.05","2,432.05","2,433.95","2,422.37","2,630.95","2,220.30",5015591,"12,14,96,35,536.75",203903
12-Dec-2023,EQ,"2,460.00","2,464.95","2,420.15","2,459.35","2,424.00","2,424.05","2,442.73","2,630.95","2,220.30",4598562,"11,23,30,58,046.60",164611
11-Dec-2023,EQ,"2,456.00","2,467.60","2,452.40","2,455.75","2,460.90","2,459.35","2,459.80","2,630.95","2,220.30",3533069,"8,69,06,54,768.25",148258
08-Dec-2023,EQ,"2,463.85","2,476.70","2,445.00","2,457.05","2,451.00","2,455.75","2,457.48","2,630.95","2,220.30",5102447,"12,53,91,53,828.90",193898
07-Dec-2023,EQ,"2,460.00","2,460.95","2,442.00","2,461.10","2,456.15","2,457.05","2,453.62","2,630.95","2,220.30",4071048,"9,98,87,95,871.30",169328
06-Dec-2023,EQ,"2,447.10","2,472.95","2,435.00","2,437.75","2,462.00","2,461.10","2,459.66","2,630.95","2,220.30",8211221,"20,19,68,20,469.50",203350
05-Dec-2023,EQ,"2,439.00","2,440.85","2,421.65","2,420.20","2,437.15","2,437.75","2,435.32","2,630.95","2,220.30",6346812,"15,45,64,91,179.15",270813
04-Dec-2023,EQ,"2,450.00","2,450.00","2,398.60","2,394.30","2,421.00","2,420.20","2,417.16","2,630.95","2,220.30",7795495,"18,84,29,40,784.80",249010
01-Dec-2023,EQ,"2,378.00","2,396.40","2,377.60","2,377.45","2,393.00","2,394.30","2,389.47","2,630.95","2,220.30",7171421,"17,13,59,06,079.40",218016
30-Nov-2023,EQ,"2,394.70","2,400.70","2,369.90","2,400.70","2,379.00","2,377.45","2,382.58","2,630.95","2,220.30",14219992,"33,88,02,61,609.25",368003
29-Nov-2023,EQ,"2,408.00","2,411.95","2,398.05","2,394.40","2,400.00","2,400.70","2,406.54","2,630.95","2,220.30",6265653,"15,07,85,54,701.80",161091
28-Nov-2023,EQ,"2,393.90","2,399.70","2,375.25","2,393.90","2,395.15","2,394.40","2,383.04","2,630.95","2,220.30",6896087,"16,43,36,74,720.45",221537
24-Nov-2023,EQ,"2,391.60","2,402.60","2,391.05","2,395.50","2,394.25","2,393.90","2,397.29","2,630.95","2,220.30",3374743,"8,09,02,26,237.15",182231
23-Nov-2023,EQ,"2,388.20","2,400.00","2,388.20","2,388.20","2,393.90","2,395.50","2,395.76","2,630.95","2,220.30",4265771,"10,21,97,70,255.80",151936
22-Nov-2023,EQ,"2,375.00","2,394.45","2,372.20","2,378.90","2,387.00","2,388.20","2,385.76","2,630.95","2,220.30",4267407,"10,18,10,03,165.90",177755
21-Nov-2023,EQ,"2,366.00","2,388.00","2,360.20","2,349.35","2,377.00","2,378.90","2,377.09","2,630.95","2,220.30",4107225,"9,76,32,57,904.05",163809
20-Nov-2023,EQ,"2,348.55","2,358.40","2,336.40","2,355.55","2,349.00","2,349.35","2,346.96","2,630.95","2,220.30",2245093,"5,26,91,53,540.00",117438
17-Nov-2023,EQ,"2,352.90","2,373.25","2,352.05","2,360.70","2,354.85","2,355.55","2,363.50","2,630.95","2,220.30",3879317,"9,16,87,51,612.00",140454
16-Nov-2023,EQ,"2,351.10","2,374.15","2,346.95","2,356.45","2,358.00","2,360.70","2,363.74","2,630.95","2,220.30",6567455,"15,52,37,61,404.10",179828
15-Nov-2023,EQ,"2,340.00","2,361.95","2,327.00","2,314.60","2,356.10","2,356.45","2,346.76","2,630.95","2,220.30",6110324,"14,33,94,87,044.50",188402
13-Nov-2023,EQ,"2,322.90","2,324.60","2,311.70","2,330.65","2,315.10","2,314.60","2,316.15","2,630.95","2,220.30",1927405,"4,46,41,62,629.45",101023
12-Nov-2023,EQ,"2,326.05","2,332.00","2,322.50","2,314.90","2,330.90","2,330.65","2,328.71","2,630.95","2,220.30",709922,"1,65,32,02,914.45",54331
10-Nov-2023,EQ,"2,305.55","2,316.35","2,298.05","2,310.55","2,315.90","2,314.90","2,308.66","2,630.95","2,220.30",3867477,"8,92,86,95,452.35",144846
09-Nov-2023,EQ,"2,335.85","2,335.90","2,304.20","2,335.90","2,311.45","2,310.55","2,316.51","2,630.95","2,220.30",7256805,"16,81,04,55,976.65",264597
08-Nov-2023,EQ,"2,332.00","2,341.00","2,321.75","2,323.80","2,333.75","2,335.90","2,335.80","2,630.95","2,220.30",3942247,"9,20,82,87,625.15",150160
07-Nov-2023,EQ,"2,334.05","2,339.10","2,319.55","2,339.00","2,323.10","2,323.80","2,328.29","2,630.95","2,220.30",3480102,"8,10,26,78,736.35",164587
06-Nov-2023,EQ,"2,332.30","2,340.00","2,325.60","2,319.70","2,339.00","2,339.00","2,334.20","2,630.95","2,220.30",5323652,"12,42,64,55,971.70",159387
03-Nov-2023,EQ,"2,327.20","2,334.95","2,315.75","2,320.20","2,319.00","2,319.70","2,325.94","2,630.95","2,220.30",4425078,"10,29,24,87,339.95",157991
02-Nov-2023,EQ,"2,313.95","2,324.30","2,307.95","2,297.40","2,319.00","2,320.20","2,316.45","2,630.95","2,220.30",5281052,"12,23,32,75,556.75",156658
01-Nov-2023,EQ,"2,289.15","2,317.50","2,275.20","2,287.90","2,294.70","2,297.40","2,301.86","2,630.95","2,220.30",5154595,"11,86,51,33,915.60",172384
31-Oct-2023,EQ,"2,328.00","2,328.00","2,282.90","2,312.50","2,289.00","2,287.90","2,302.76","2,630.95","2,220.30",6404219,"14,74,73,54,996.70",285198
30-Oct-2023,EQ,"2,274.00","2,325.00","2,269.95","2,265.80","2,309.00","2,312.50","2,310.35","2,630.95","2,220.30",8406652,"19,42,22,70,423.05",352375
27-Oct-2023,EQ,"2,240.00","2,273.50","2,235.95","2,226.50","2,266.15","2,265.80","2,262.35","2,630.95","2,220.30",5885542,"13,31,51,43,153.75",247495
26-Oct-2023,EQ,"2,251.00","2,258.00","2,220.30","2,257.95","2,223.00","2,226.50","2,232.86","2,630.95","2,220.30",7611267,"16,99,49,10,102.90",349499
25-Oct-2023,EQ,"2,250.05","2,281.20","2,243.00","2,263.20","2,256.00","2,257.95","2,261.49","2,630.95","2,243.00",5810344,"13,14,00,35,999.60",276253
23-Oct-2023,EQ,"2,290.00","2,306.25","2,255.25","2,299.10","2,262.90","2,263.20","2,283.24","2,630.95","2,255.25",3926981,"8,96,62,23,109.05",229519
20-Oct-2023,EQ,"2,300.00","2,314.70","2,296.30","2,306.15","2,296.60","2,299.10","2,302.59","2,630.95","2,295.00",4456656,"10,26,18,59,218.60",236801
19-Oct-2023,EQ,"2,312.00","2,321.80","2,301.00","2,324.00","2,304.65","2,306.15","2,310.08","2,630.95","2,295.00",6016278,"13,89,81,02,710.85",306999
18-Oct-2023,EQ,"2,355.25","2,367.00","2,321.00","2,355.25","2,321.40","2,324.00","2,341.91","2,630.95","2,295.00",4459160,"10,44,29,44,805.70",197131
17-Oct-2023,EQ,"2,356.00","2,359.70","2,341.30","2,344.05","2,356.20","2,355.25","2,350.51","2,630.95","2,295.00",3964090,"9,31,76,49,591.75",132520
16-Oct-2023,EQ,"2,345.00","2,354.55","2,336.00","2,349.30","2,345.80","2,344.05","2,346.59","2,630.95","2,295.00",2964518,"6,95,65,22,674.05",174031
13-Oct-2023,EQ,"2,340.00","2,357.50","2,329.15","2,349.40","2,344.95","2,349.30","2,344.56","2,630.95","2,295.00",5075158,"11,89,89,99,931.90",196532
12-Oct-2023,EQ,"2,343.85","2,359.35","2,338.15","2,345.05","2,347.35","2,349.40","2,350.76","2,630.95","2,295.00",6277225,"14,75,62,75,104.15",231306
11-Oct-2023,EQ,"2,314.45","2,349.70","2,313.00","2,308.40","2,345.75","2,345.05","2,333.86","2,630.95","2,295.00",4907059,"11,45,23,67,310.50",199005
10-Oct-2023,EQ,"2,306.55","2,317.90","2,303.75","2,298.25","2,310.30","2,308.40","2,309.03","2,630.95","2,295.00",5118016,"11,81,76,66,201.85",240623
09-Oct-2023,EQ,"2,308.10","2,311.95","2,295.00","2,318.00","2,295.15","2,298.25","2,302.95","2,630.95","2,295.00",3788439,"8,72,45,97,410.05",215473
06-Oct-2023,EQ,"2,317.05","2,324.80","2,312.05","2,314.10","2,317.65","2,318.00","2,318.80","2,630.95","2,295.10",2715513,"6,29,67,30,156.55",165579
05-Oct-2023,EQ,"2,319.25","2,329.40","2,309.00","2,314.15","2,312.90","2,314.10","2,317.43","2,630.95","2,295.10",5476841,"12,69,21,81,391.50",220239
04-Oct-2023,EQ,"2,309.00","2,319.00","2,295.10","2,318.15","2,314.10","2,314.15","2,304.24","2,630.95","2,295.10",5143193,"11,85,11,41,943.50",261511
03-Oct-2023,EQ,"2,329.95","2,335.60","2,316.00","2,345.00","2,318.40","2,318.15","2,322.04","2,630.95","2,316.00",4429528,"10,28,55,26,678.70",192207
29-Sep-2023,EQ,"2,341.80","2,369.10","2,334.10","2,334.10","2,342.05","2,345.00","2,350.92","2,630.95","2,325.00",6171007,"14,50,75,25,911.60",178898
28-Sep-2023,EQ,"2,383.00","2,383.00","2,325.00","2,368.90","2,339.00","2,334.10","2,352.03","2,630.95","2,325.00",7259173,"17,07,38,06,729.35",283992
27-Sep-2023,EQ,"2,343.50","2,371.80","2,338.50","2,342.50","2,371.00","2,368.90","2,355.73","2,630.95","2,335.10",5861389,"13,80,78,21,671.35",233089
26-Sep-2023,EQ,"2,338.55","2,350.20","2,335.60","2,340.45","2,340.00","2,342.50","2,342.35","2,630.95","2,335.10",5043891,"11,81,45,81,030.50",168749
25-Sep-2023,EQ,"2,350.40","2,360.70","2,335.10","2,354.95","2,339.50","2,340.45","2,343.52","2,630.95","2,335.10",7127442,"16,70,32,85,186.15",266745
22-Sep-2023,EQ,"2,376.00","2,382.45","2,350.00","2,364.80","2,356.50","2,354.95","2,363.47","2,630.95","2,350.00",9588393,"22,66,18,97,562.05",302933
21-Sep-2023,EQ,"2,374.95","2,390.10","2,360.00","2,382.15","2,365.00","2,364.80","2,370.70","2,630.95","2,355.00",6113091,"14,49,22,94,094.80",292445
20-Sep-2023,EQ,"2,423.05","2,427.60","2,355.00","2,436.45","2,380.65","2,382.15","2,377.79","2,630.95","2,355.00",28540942,"67,86,44,89,357.80",350883
18-Sep-2023,EQ,"2,440.05","2,451.00","2,432.05","2,457.85","2,434.00","2,436.45","2,442.35","2,630.95","2,399.90",3758150,"9,17,87,15,239.40",135713
15-Sep-2023,EQ,"2,468.00","2,468.00","2,449.50","2,453.30","2,452.50","2,457.85","2,458.32","2,630.95","2,399.90",12734296,"31,30,49,96,690.80",172228
14-Sep-2023,EQ,"2,460.00","2,465.80","2,445.00","2,451.05","2,456.00","2,453.30","2,454.20","2,630.95","2,399.90",4604818,"11,30,11,41,212.65",259706
13-Sep-2023,EQ,"2,440.00","2,462.65","2,426.25","2,438.85","2,450.10","2,451.05","2,451.78","2,630.95","2,399.90",6401669,"15,69,54,91,695.65",153034
12-Sep-2023,EQ,"2,483.00","2,483.00","2,435.95","2,474.60","2,437.00","2,438.85","2,451.73","2,630.95","2,399.90",8127833,"19,92,72,45,602.50",230277
11-Sep-2023,EQ,"2,452.00","2,476.85","2,452.00","2,448.20","2,473.05","2,474.60","2,468.87","2,630.95","2,399.90",6635537,"16,38,22,49,910.10",216515
08-Sep-2023,EQ,"2,440.00","2,456.00","2,422.95","2,432.00","2,451.00","2,448.20","2,435.83","2,630.95","2,399.90",11554644,"28,14,51,73,638.30",203161
07-Sep-2023,EQ,"2,421.70","2,438.25","2,411.00","2,428.70","2,431.00","2,432.00","2,424.86","2,630.95","2,399.90",6826286,"16,55,27,69,825.75",176371
06-Sep-2023,EQ,"2,421.10","2,436.15","2,417.25","2,423.60","2,426.35","2,428.70","2,427.46","2,630.95","2,399.90",4100185,"9,95,30,29,723.50",168907
05-Sep-2023,EQ,"2,420.00","2,433.95","2,412.45","2,410.70","2,426.00","2,423.60","2,423.22","2,630.95","2,399.90",4337938,"10,51,17,62,468.35",160296
04-Sep-2023,EQ,"2,412.65","2,423.65","2,405.30","2,412.65","2,411.05","2,410.70","2,413.56","2,630.95","2,399.90",4673813,"11,28,05,12,429.60",167154
01-Sep-2023,EQ,"2,406.55","2,425.65","2,401.65","2,407.00","2,411.40","2,412.65","2,413.40","2,630.95","2,399.90",9056421,"21,85,67,99,694.25",285753
31-Aug-2023,EQ,"2,423.00","2,425.00","2,399.90","2,418.05","2,408.00","2,407.00","2,410.24","2,630.95","2,399.90",10819300,"26,07,70,96,813.90",263614
30-Aug-2023,EQ,"2,432.00","2,443.00","2,415.00","2,420.35","2,419.40","2,418.05","2,426.59","2,630.95","2,408.15",6084473,"14,76,45,44,103.55",220096
29-Aug-2023,EQ,"2,452.05","2,453.45","2,408.15","2,443.75","2,422.00","2,420.35","2,425.23","2,630.95","2,408.15",8438322,"20,46,48,39,388.10",319838
28-Aug-2023,EQ,"2,472.00","2,484.00","2,431.10","2,468.35","2,436.95","2,443.75","2,465.38","2,630.95","2,431.10",6290413,"15,50,82,40,986.20",248985
25-Aug-2023,EQ,"2,456.00","2,505.00","2,442.60","2,479.80","2,461.90","2,468.35","2,475.31","2,630.95","2,442.60",11111200,"27,50,36,65,768.50",309987
24-Aug-2023,EQ,"2,539.90","2,539.90","2,471.00","2,522.20","2,475.80","2,479.80","2,505.26","2,630.95","2,458.05",7070010,"17,71,22,28,152.35",277360
23-Aug-2023,EQ,"2,524.20","2,542.85","2,516.95","2,519.40","2,518.20","2,522.20","2,528.38","2,630.95","2,458.05",4758976,"12,03,25,00,977.45",186890
22-Aug-2023,EQ,"2,516.90","2,537.95","2,499.00","2,520.00","2,523.00","2,519.40","2,522.49","2,630.95","2,458.05",3856522,"9,72,80,35,039.30",234127
21-Aug-2023,EQ,"2,539.95","2,555.45","2,515.65","2,556.80","2,519.50","2,520.00","2,528.76","2,630.95","2,458.05",4610873,"11,65,97,93,136.25",186604
18-Aug-2023,EQ,"2,531.25","2,577.60","2,508.55","2,538.00","2,551.05","2,556.80","2,543.13","2,630.95","2,458.05",9319989,"23,70,19,83,763.10",293106
17-Aug-2023,EQ,"2,567.10","2,578.10","2,532.85","2,575.15","2,534.05","2,538.00","2,550.82","2,630.95","2,458.05",6836872,"17,43,96,52,935.65",305866
16-Aug-2023,EQ,"2,551.00","2,582.80","2,551.00","2,577.25","2,571.95","2,575.15","2,568.15","2,630.95","2,458.05",5101556,"13,10,15,45,280.60",157128
14-Aug-2023,EQ,"2,539.00","2,582.30","2,525.00","2,547.15","2,573.20","2,577.25","2,563.04","2,630.95","2,458.05",4787906,"12,27,15,88,459.95",248402
11-Aug-2023,EQ,"2,532.45","2,558.85","2,512.35","2,536.45","2,542.00","2,547.15","2,535.53","2,630.95","2,458.05",11089665,"28,11,82,25,498.75",247074
10-Aug-2023,EQ,"2,524.95","2,550.00","2,508.45","2,525.20","2,536.00","2,536.45","2,533.24","2,630.95","2,458.05",7735299,"19,59,53,55,860.30",257586
09-Aug-2023,EQ,"2,504.85","2,529.00","2,481.10","2,508.65","2,522.00","2,525.20","2,499.68","2,630.95","2,458.05",5743293,"14,35,63,84,371.85",269092
08-Aug-2023,EQ,"2,528.00","2,534.45","2,499.55","2,523.85","2,503.75","2,508.65","2,514.67","2,630.95","2,458.05",4922036,"12,37,72,91,186.25",199690
07-Aug-2023,EQ,"2,521.00","2,528.40","2,505.00","2,509.55","2,523.50","2,523.85","2,518.85","2,630.95","2,458.05",2991435,"7,53,49,73,865.10",144288
04-Aug-2023,EQ,"2,498.80","2,516.00","2,471.60","2,475.90","2,508.00","2,509.55","2,497.26","2,630.95","2,458.05",11442805,"28,57,56,03,699.10",292077
03-Aug-2023,EQ,"2,475.30","2,500.90","2,458.05","2,486.35","2,474.50","2,475.90","2,474.27","2,630.95","2,458.05",5084175,"12,57,96,30,763.10",227047
02-Aug-2023,EQ,"2,509.20","2,512.00","2,463.60","2,513.20","2,484.05","2,486.35","2,485.51","2,630.95","2,463.60",6374107,"15,84,29,03,032.05",330411
01-Aug-2023,EQ,"2,555.00","2,559.00","2,505.30","2,549.25","2,517.70","2,513.20","2,524.85","2,630.95","2,469.30",4768316,"12,03,92,88,137.45",198132
31-Jul-2023,EQ,"2,527.85","2,553.90","2,517.95","2,527.85","2,546.00","2,549.25","2,540.69","2,630.95","2,469.30",4275587,"10,86,29,27,967.25",169076
28-Jul-2023,EQ,"2,512.05","2,542.85","2,500.55","2,502.70","2,528.20","2,527.85","2,518.80","2,630.95","2,469.30",10413926,"26,23,06,15,302.10",333806
27-Jul-2023,EQ,"2,534.05","2,537.65","2,490.35","2,526.20","2,515.00","2,502.70","2,509.19","2,630.95","2,469.30",8613449,"21,61,28,19,116.55",299635
26-Jul-2023,EQ,"2,485.00","2,547.00","2,485.00","2,485.80","2,526.00","2,526.20","2,526.43","2,630.95","2,469.30",6455506,"16,30,93,70,484.50",255390
25-Jul-2023,EQ,"2,494.00","2,505.20","2,480.00","2,487.40","2,484.00","2,485.80","2,492.71","2,630.95","2,469.30",6013010,"14,98,86,81,530.35",242346
24-Jul-2023,EQ,"2,481.00","2,514.95","2,469.30","2,538.75","2,488.00","2,487.40","2,491.60","2,630.95","2,469.30",11863933,"29,56,01,18,805.00",441158
21-Jul-2023,EQ,"2,609.00","2,614.90","2,523.60","2,619.85","2,555.00","2,538.75","2,549.83","2,630.95","2,523.60",15124619,"38,56,51,57,004.35",457107
20-Jul-2023,EQ,"2,580.00","2,630.95","2,580.00","2,841.85","2,623.00","2,619.85","2,614.00","2,630.95","2,580.00",19358812,"50,60,39,56,720.15",415393
19-Jul-2023,EQ,"2,830.00","2,856.00","2,797.00","2,820.45","2,853.00","2,841.85","2,826.91","2,856.00","2,180.00",18054869,"51,03,95,78,142.75",441824
18-Jul-2023,EQ,"2,817.00","2,837.45","2,793.00","2,796.70","2,822.60","2,820.45","2,814.75","2,837.45","2,180.00",11937761,"33,60,18,45,465.45",332862
17-Jul-2023,EQ,"2,747.00","2,815.05","2,728.00","2,740.70","2,795.20","2,796.70","2,780.30","2,815.05","2,180.00",10254545,"28,51,07,31,060.60",386729
14-Jul-2023,EQ,"2,750.00","2,760.90","2,725.10","2,743.00","2,751.00","2,740.70","2,739.02","2,802.00","2,180.00",6979790,"19,11,78,13,181.40",201319
13-Jul-2023,EQ,"2,783.90","2,799.00","2,737.25","2,767.75","2,748.00","2,743.00","2,774.19","2,802.00","2,180.00",6776172,"18,79,83,57,651.30",254196
12-Jul-2023,EQ,"2,766.30","2,802.00","2,761.65","2,764.70","2,765.00","2,767.75","2,781.60","2,802.00","2,180.00",8645662,"24,04,87,64,830.55",348082
11-Jul-2023,EQ,"2,752.90","2,770.00","2,737.60","2,735.05","2,769.00","2,764.70","2,755.34","2,770.00","2,180.00",9262001,"25,51,99,75,405.90",306208
10-Jul-2023,EQ,"2,688.90","2,756.00","2,675.00","2,633.60","2,735.25","2,735.05","2,729.55","2,756.00","2,180.00",15340262,"41,87,19,95,571.75",452960
07-Jul-2023,EQ,"2,635.00","2,664.95","2,628.00","2,638.75","2,629.00","2,633.60","2,645.39","2,755.00","2,180.00",6172684,"16,32,91,64,522.95",231715
06-Jul-2023,EQ,"2,576.05","2,644.45","2,576.05","2,584.50","2,633.30","2,638.75","2,628.55","2,755.00","2,180.00",8822948,"23,19,15,25,858.60",242971
05-Jul-2023,EQ,"2,609.00","2,609.00","2,575.80","2,588.75","2,588.00","2,584.50","2,585.90","2,755.00","2,180.00",4729479,"12,22,99,54,790.40",163146
04-Jul-2023,EQ,"2,625.00","2,625.00","2,573.25","2,615.70","2,588.00","2,588.75","2,588.64","2,755.00","2,180.00",3720447,"9,63,09,11,136.45",157756
03-Jul-2023,EQ,"2,558.05","2,622.00","2,555.35","2,550.25","2,612.00","2,615.70","2,596.46","2,755.00","2,180.00",5609248,"14,56,42,07,451.25",205284
30-Jun-2023,EQ,"2,546.40","2,556.65","2,533.45","2,529.50","2,553.35","2,550.25","2,543.75","2,755.00","2,180.00",5146441,"13,09,12,51,360.20",223168
28-Jun-2023,EQ,"2,513.00","2,537.85","2,497.85","2,496.45","2,530.35","2,529.50","2,525.48","2,755.00","2,180.00",5239872,"13,23,32,13,873.00",190293
27-Jun-2023,EQ,"2,496.55","2,509.50","2,486.65","2,495.55","2,495.00","2,496.45","2,496.25","2,755.00","2,180.00",4471687,"11,16,24,30,554.95",157574
26-Jun-2023,EQ,"2,507.00","2,515.40","2,488.70","2,514.75","2,495.25","2,495.55","2,500.04","2,755.00","2,180.00",5833893,"14,58,49,60,042.70",140793
23-Jun-2023,EQ,"2,528.90","2,533.40","2,512.00","2,535.50","2,517.80","2,514.75","2,521.55","2,755.00","2,180.00",3059084,"7,71,36,44,596.40",136010
22-Jun-2023,EQ,"2,556.00","2,573.30","2,532.00","2,564.30","2,539.00","2,535.50","2,551.25","2,755.00","2,180.00",3516244,"8,97,08,24,759.40",179274
21-Jun-2023,EQ,"2,557.00","2,569.85","2,548.00","2,557.10","2,564.90","2,564.30","2,561.96","2,755.00","2,180.00",3212779,"8,23,10,21,944.90",135010
20-Jun-2023,EQ,"2,547.55","2,564.00","2,535.00","2,551.80","2,561.50","2,557.10","2,548.60","2,755.00","2,180.00",3194085,"8,14,04,54,943.70",119189
19-Jun-2023,EQ,"2,584.00","2,584.00","2,542.65","2,577.40","2,550.50","2,551.80","2,555.84","2,755.00","2,180.00",3137532,"8,01,90,25,286.30",130037
16-Jun-2023,EQ,"2,560.20","2,582.40","2,560.20","2,552.55","2,575.00","2,577.40","2,574.79","2,755.00","2,180.00",11155180,"28,72,22,02,805.50",237630
15-Jun-2023,EQ,"2,551.80","2,562.55","2,535.50","2,551.85","2,550.15","2,552.55","2,551.63","2,755.00","2,180.00",5451926,"13,91,13,15,989.45",193503
14-Jun-2023,EQ,"2,521.00","2,555.00","2,517.00","2,520.85","2,546.25","2,551.85","2,541.35","2,755.00","2,180.00",6127509,"15,57,21,20,760.55",255684
13-Jun-2023,EQ,"2,495.00","2,523.45","2,486.25","2,484.15","2,517.90","2,520.85","2,509.06","2,755.00","2,180.00",5190958,"13,02,44,09,119.20",179929
12-Jun-2023,EQ,"2,475.50","2,489.20","2,465.00","2,481.95","2,488.00","2,484.15","2,479.76","2,755.00","2,180.00",2949893,"7,31,50,18,537.50",155197
09-Jun-2023,EQ,"2,507.00","2,508.55","2,478.00","2,499.65","2,482.00","2,481.95","2,493.99","2,814.00","2,180.00",2712243,"6,76,43,00,003.70",154585
08-Jun-2023,EQ,"2,506.00","2,516.85","2,491.00","2,498.15","2,505.00","2,499.65","2,504.11","2,814.00","2,180.00",5570815,"13,94,99,25,583.10",176663
07-Jun-2023,EQ,"2,487.00","2,500.00","2,472.60","2,479.35","2,498.00","2,498.15","2,487.06","2,814.00","2,180.00",4759238,"11,83,65,09,766.30",187387
06-Jun-2023,EQ,"2,483.45","2,487.70","2,462.00","2,477.25","2,483.80","2,479.35","2,473.70","2,814.00","2,180.00",3458161,"8,55,44,57,378.70",167754
05-Jun-2023,EQ,"2,467.20","2,483.75","2,458.45","2,455.20","2,479.95","2,477.25","2,470.14","2,814.00","2,180.00",5034355,"12,43,55,36,493.30",161758
02-Jun-2023,EQ,"2,471.00","2,482.85","2,451.00","2,463.25","2,455.25","2,455.20","2,459.32","2,817.35","2,180.00",7291995,"17,93,33,84,336.15",160655
01-Jun-2023,EQ,"2,480.15","2,484.90","2,458.00","2,469.90","2,467.00","2,463.25","2,472.06","2,817.35","2,180.00",6734525,"16,64,81,39,919.55",216233
31-May-2023,EQ,"2,500.00","2,509.85","2,461.00","2,519.95","2,466.95","2,469.90","2,477.34","2,817.35","2,180.00",12510304,"30,99,22,95,693.45",289027
30-May-2023,EQ,"2,520.60","2,537.70","2,514.35","2,520.60","2,520.55","2,519.95","2,524.94","2,817.35","2,180.00",5234564,"13,21,69,61,279.00",173212
29-May-2023,EQ,"2,521.00","2,530.00","2,507.20","2,506.50","2,518.20","2,520.60","2,519.76","2,817.35","2,180.00",4619754,"11,64,06,58,051.85",184530
26-May-2023,EQ,"2,458.00","2,509.00","2,450.75","2,439.95","2,508.80","2,506.50","2,489.54","2,817.35","2,180.00",5827017,"14,50,66,12,501.75",197182
25-May-2023,EQ,"2,433.90","2,449.00","2,416.05","2,440.25","2,444.85","2,439.95","2,430.14","2,817.35","2,180.00",5301647,"12,88,37,32,875.05",136521
24-May-2023,EQ,"2,445.90","2,464.00","2,433.45","2,454.55","2,441.00","2,440.25","2,447.77","2,817.35","2,180.00",3743804,"9,16,39,84,988.70",132191
23-May-2023,EQ,"2,460.65","2,468.00","2,451.45","2,455.00","2,453.00","2,454.55","2,460.13","2,817.35","2,180.00",2811473,"6,91,65,83,531.40",121065
22-May-2023,EQ,"2,435.00","2,466.00","2,432.35","2,441.95","2,454.50","2,455.00","2,455.77","2,817.35","2,180.00",3431208,"8,42,62,66,009.20",122501
19-May-2023,EQ,"2,434.05","2,445.95","2,418.85","2,434.05","2,444.00","2,441.95","2,432.71","2,817.35","2,180.00",3715280,"9,03,82,04,553.15",118264
18-May-2023,EQ,"2,449.55","2,457.00","2,427.15","2,439.30","2,433.00","2,434.05","2,443.67","2,817.35","2,180.00",4857531,"11,87,02,19,947.45",145659
17-May-2023,EQ,"2,463.00","2,465.00","2,429.00","2,453.80","2,442.00","2,439.30","2,444.63","2,817.35","2,180.00",4060722,"9,92,69,61,637.20",155508
16-May-2023,EQ,"2,494.00","2,499.60","2,450.15","2,489.25","2,454.55","2,453.80","2,474.17","2,817.35","2,180.00",4023000,"9,95,35,70,679.50",202246
15-May-2023,EQ,"2,489.90","2,504.55","2,473.15","2,484.35","2,484.75","2,489.25","2,492.24","2,817.35","2,180.00",3153587,"7,85,94,81,400.85",139761
12-May-2023,EQ,"2,469.80","2,487.40","2,456.50","2,480.30","2,481.90","2,484.35","2,473.50","2,817.35","2,180.00",3209889,"7,93,96,58,229.75",116311
11-May-2023,EQ,"2,498.95","2,509.50","2,476.55","2,496.60","2,482.00","2,480.30","2,494.02","2,817.35","2,180.00",4872451,"12,15,19,66,094.10",190308
10-May-2023,EQ,"2,490.00","2,499.85","2,481.20","2,479.55","2,492.00","2,496.60","2,493.65","2,817.35","2,180.00",5017544,"12,51,20,18,443.70",147588
09-May-2023,EQ,"2,475.00","2,486.80","2,463.25","2,471.90","2,476.70","2,479.55","2,476.94","2,817.35","2,180.00",2983468,"7,38,98,73,116.30",167950
08-May-2023,EQ,"2,450.00","2,483.65","2,444.15","2,441.75","2,471.00","2,471.90","2,468.41","2,817.35","2,180.00",4224469,"10,42,77,25,788.55",169304
05-May-2023,EQ,"2,441.00","2,461.35","2,436.00","2,448.00","2,441.00","2,441.75","2,447.86","2,817.35","2,180.00",4036548,"9,88,09,00,102.30",171662
04-May-2023,EQ,"2,421.15","2,452.85","2,414.60","2,420.10","2,445.95","2,448.00","2,438.20","2,817.35","2,180.00",3985159,"9,71,66,26,291.25",148384
03-May-2023,EQ,"2,445.00","2,445.00","2,413.05","2,441.05","2,418.00","2,420.10","2,423.03","2,817.35","2,180.00",3259053,"7,89,67,75,124.85",122949
02-May-2023,EQ,"2,436.20","2,445.80","2,428.10","2,420.50","2,440.20","2,441.05","2,438.83","2,817.35","2,180.00",5991101,"14,61,12,50,968.30",213010
28-Apr-2023,EQ,"2,382.00","2,423.90","2,381.75","2,377.05","2,419.90","2,420.50","2,409.46","2,856.15","2,180.00",7183342,"17,30,79,47,047.80",226856
27-Apr-2023,EQ,"2,375.00","2,384.00","2,364.00","2,362.10","2,381.70","2,377.05","2,373.05","2,856.15","2,180.00",4230627,"10,03,94,93,207.75",151491
26-Apr-2023,EQ,"2,379.00","2,386.10","2,354.05","2,376.05","2,361.90","2,362.10","2,363.34","2,856.15","2,180.00",3977129,"9,39,93,18,934.15",159924
25-Apr-2023,EQ,"2,366.00","2,380.60","2,350.50","2,358.00","2,373.45","2,376.05","2,365.75","2,856.15","2,180.00",4262471,"10,08,39,30,491.20",151700
24-Apr-2023,EQ,"2,375.00","2,380.90","2,348.00","2,349.00","2,360.50","2,358.00","2,360.70","2,856.15","2,180.00",5970048,"14,09,35,09,408.65",217965
21-Apr-2023,EQ,"2,350.65","2,361.00","2,336.40","2,346.05","2,351.00","2,349.00","2,348.70","2,856.15","2,180.00",3529236,"8,28,91,02,461.70",151695
20-Apr-2023,EQ,"2,354.10","2,359.00","2,332.10","2,352.00","2,345.00","2,346.05","2,342.63","2,856.15","2,180.00",3233882,"7,57,57,82,937.90",142307
19-Apr-2023,EQ,"2,339.05","2,357.90","2,332.20","2,340.35","2,348.80","2,352.00","2,347.73","2,856.15","2,180.00",5664207,"13,29,80,39,126.00",146728
18-Apr-2023,EQ,"2,377.00","2,377.00","2,326.00","2,367.45","2,340.40","2,340.35","2,341.54","2,856.15","2,180.00",4802172,"11,24,44,58,267.80",159024
17-Apr-2023,EQ,"2,424.95","2,424.95","2,349.05","2,355.50","2,367.35","2,367.45","2,371.58","2,856.15","2,180.00",8274452,"19,62,34,93,252.40",198022
13-Apr-2023,EQ,"2,353.00","2,365.80","2,342.00","2,346.65","2,356.00","2,355.50","2,354.04","2,856.15","2,180.00",5712541,"13,44,75,64,946.75",173375
12-Apr-2023,EQ,"2,336.35","2,367.80","2,330.05","2,336.35","2,346.70","2,346.65","2,347.57","2,856.15","2,180.00",8389646,"19,69,52,62,387.55",187546
11-Apr-2023,EQ,"2,334.00","2,341.00","2,324.05","2,324.85","2,334.10","2,336.35","2,333.10","2,856.15","2,180.00",4865301,"11,35,12,55,127.75",151084
10-Apr-2023,EQ,"2,350.00","2,350.40","2,321.55","2,341.45","2,324.05","2,324.85","2,337.29","2,856.15","2,180.00",5981688,"13,98,09,69,369.40",146678
06-Apr-2023,EQ,"2,318.15","2,354.00","2,318.15","2,325.85","2,340.15","2,341.45","2,341.09","2,856.15","2,180.00",8507771,"19,91,74,29,621.50",201019
05-Apr-2023,EQ,"2,348.00","2,348.00","2,308.55","2,331.45","2,324.10","2,325.85","2,325.64","2,856.15","2,180.00",7505339,"17,45,47,36,439.85",215635
03-Apr-2023,EQ,"2,345.00","2,349.00","2,315.00","2,331.05","2,331.05","2,331.45","2,327.86","2,856.15","2,180.00",4750238,"11,05,78,79,559.90",192147
31-Mar-2023,EQ,"2,255.00","2,343.45","2,254.70","2,234.70","2,330.95","2,331.05","2,315.77","2,856.15","2,180.00",13001005,"30,10,73,14,074.90",446320
29-Mar-2023,EQ,"2,239.00","2,244.80","2,211.10","2,248.00","2,242.20","2,234.70","2,228.64","2,856.15","2,180.00",8678073,"19,34,02,93,216.90",294929
28-Mar-2023,EQ,"2,245.00","2,256.50","2,237.00","2,237.55","2,247.05","2,248.00","2,246.61","2,856.15","2,180.00",5804018,"13,03,93,73,592.90",200011
27-Mar-2023,EQ,"2,217.50","2,254.00","2,200.20","2,203.30","2,238.80","2,237.55","2,237.36","2,856.15","2,180.00",6486068,"14,51,16,43,743.50",217981
24-Mar-2023,EQ,"2,245.25","2,250.00","2,198.00","2,247.80","2,204.90","2,203.30","2,221.83","2,856.15","2,180.00",5711497,"12,68,99,75,563.60",231777
23-Mar-2023,EQ,"2,268.00","2,269.90","2,243.05","2,276.60","2,247.60","2,247.80","2,253.68","2,856.15","2,180.00",7499082,"16,90,05,52,054.30",187678
22-Mar-2023,EQ,"2,285.00","2,291.45","2,270.00","2,269.70","2,274.30","2,276.60","2,281.22","2,856.15","2,180.00",5039622,"11,49,64,91,661.40",195193
21-Mar-2023,EQ,"2,218.95","2,274.00","2,217.00","2,201.25","2,272.00","2,269.70","2,256.48","2,856.15","2,180.00",9876263,"22,28,55,72,145.65",342611
20-Mar-2023,EQ,"2,215.00","2,220.00","2,180.00","2,223.10","2,211.15","2,201.25","2,194.09","2,856.15","2,180.00",9010595,"19,77,00,27,745.25",369095
17-Mar-2023,EQ,"2,244.75","2,251.95","2,212.70","2,225.90","2,224.40","2,223.10","2,226.05","2,856.15","2,202.20",15697554,"34,94,35,97,049.60",302341
16-Mar-2023,EQ,"2,243.00","2,254.00","2,202.20","2,237.05","2,229.50","2,225.90","2,229.58","2,856.15","2,202.20",8474595,"18,89,47,58,462.15",366871
15-Mar-2023,EQ,"2,284.10","2,298.30","2,227.40","2,275.95","2,237.45","2,237.05","2,263.32","2,856.15","2,227.40",10027725,"22,69,59,25,219.15",371953
14-Mar-2023,EQ,"2,280.00","2,304.95","2,269.05","2,284.50","2,279.00","2,275.95","2,285.47","2,856.15","2,269.05",7396699,"16,90,49,04,240.65",266523
13-Mar-2023,EQ,"2,329.00","2,344.00","2,275.00","2,322.70","2,288.00","2,284.50","2,307.72","2,856.15","2,275.00",5894088,"13,60,19,04,297.45",256526
10-Mar-2023,EQ,"2,341.50","2,344.00","2,315.05","2,359.25","2,326.00","2,322.70","2,324.06","2,856.15","2,180.00",6153681,"14,30,15,40,668.50",257596
09-Mar-2023,EQ,"2,416.00","2,416.90","2,355.10","2,417.35","2,360.00","2,359.25","2,377.08","2,856.15","2,180.00",7492509,"17,81,03,28,720.90",232305
08-Mar-2023,EQ,"2,408.70","2,419.00","2,385.00","2,408.70","2,416.50","2,417.35","2,407.08","2,856.15","2,180.00",7283694,"17,53,24,25,276.00",182199
06-Mar-2023,EQ,"2,400.00","2,424.60","2,400.00","2,385.40","2,409.70","2,408.70","2,412.27","2,856.15","2,180.00",4694338,"11,32,40,34,037.10",155650
03-Mar-2023,EQ,"2,349.15","2,393.45","2,341.55","2,326.05","2,382.00","2,385.40","2,366.67","2,856.15","2,180.00",6758115,"15,99,42,00,481.70",197227
02-Mar-2023,EQ,"2,337.00","2,351.65","2,321.60","2,343.90","2,329.40","2,326.05","2,333.58","2,856.15","2,180.00",4307425,"10,05,17,32,048.90",188182
01-Mar-2023,EQ,"2,344.00","2,345.50","2,323.25","2,322.55","2,345.40","2,343.90","2,336.64","2,856.15","2,180.00",5330852,"12,45,62,84,409.25",230019